"Address","Occurrences","Meta Description 1","Meta Description 1 Length","Meta Description 1 Pixel Width","Indexability","Indexability Status"
"https://www.bvsas.sk/rezervacia-stretnutia/","1","","0","0","Indexable",""
"https://www.bvsas.sk/modra-skola/vzdelavaci-program/exkurzie-do-objektov-bvs-a-s.html","1","V rámci aktivít vzdelávacieho programu Modrá škola – voda pre budúcnosť realizujeme pre školy v spolupráci s jednotlivými divíziami odborné exkurzie do vybraných objektov BVS, a. s","180","1134","Indexable",""
"https://www.bvsas.sk/linky-paticke/obchodne-podmienky/","1","","0","0","Indexable",""
"https://www.bvsas.sk/novinky/rozprasovace-vody-od-bratislavskej-vodarenskej-spolocnosti-osviezia-ludi-uliciach-hlavneho-mesta.html","1","V Bratislave, na Hviezdoslavovom námestí, spustili skúšobnú prevádzku systému rozprašovania vodnej hmly.","104","673","Indexable",""
"https://www.bvsas.sk/novinky/v-roku-1886-zacala-pisat-historia-bratislavskeho-vodarenstva-2.html","1","Hodnota 1","9","64","Indexable",""
"https://www.bvsas.sk/novinky/bvs-reaguje-hrozbu-koronavirusu-bezplatne-testovanie-vzoriek-vody-presuva.html","1","Hodnota 1","9","64","Indexable",""
"https://www.bvsas.sk/novinky/bvs-upravuje-system-fakturacie-2.html","1","Zvyšujú sa pásma ročnej spotreby vody, podľa ktorých je nastavené doručovanie mesačných zálohových faktúr klasickou poštou. Ak doteraz niekto spotreboval za rok napríklad 100 metrov kubických vody, z BVS dostával papierovú faktúru mesačne. Po zmene systému fakturácie bude dostávať papierovú faktúru už iba štvrťročne. Podobnou zmenou prechádzajú všetky úrovne fakturácie, vďaka čomu sa podarí ročne ušetriť tisícky ton papiera a znížiť ekologické dopady dopravy. Zákazníci, ktorým vyhovuje súčasná periodicita fakturácie majú možnosť si ju ponechať, ale iba v prípade, ak si aktivujú elektronickú faktúru od BVS. Potom budú faktúry dostávať v nezmenenom režime elektronicky. Zmena systému fakturácie nemá žiadny dopad na cenu vodného a stočného.","746","4777","Indexable",""
"https://www.bvsas.sk/novinky/viete-aku-vodu-pijete-z-vasej-studne.html","1","Pri príležitosti Svetového dňa vody naša spoločnosť ponúkla svojim zákazníkom v dňoch 21. 3. – 23. 3. 2011 bezplatnú analýzu vzoriek vody z domácich studní na prítomnosť dusičnanov a celkovú tvrdosť.","199","1263","Indexable",""
"https://www.bvsas.sk/novinky/uhyn-ryb-malom-dunaji-nesposobila-cistiaren-vo-vrakuni.html","1","Hodnota 1","9","64","Indexable",""
"https://www.bvsas.sk/novinky/obmedzenia-poskytovanych-sluzieb.html","1","Hodnota 1","9","64","Indexable",""
"https://www.bvsas.sk/domacnosti/nove-pripojenie/pred-spracovanim-dokumentacie/zakres-sieti-verejneho-vodovodu-kanalizacie.html","1","","0","0","Indexable",""
"https://www.bvsas.sk/novinky/kontaktne-centrum-senec-novej-adrese.html","1","Hodnota 1","9","64","Indexable",""
"https://www.bvsas.sk/vodarenske-muzeum/fotogaleria/muzeum-expozicia/vonkajsia-expozicia.html","1","","0","0","Indexable",""
"https://www.bvsas.sk/novinky/bvs-bude-docasne-prevadzkovat-dve-kontaktne-centra.html","1","Hodnota 1","9","64","Indexable",""
"https://www.bvsas.sk/modra-skola/fotagaleria/novy-podadresar/","1","","0","0","Indexable",""
"https://www.bvsas.sk/novinky/den-otvorenych-dveri-bvs-a-s.html","1","Srdečne Vás pozývame do Vodárenského múzea a na ostrov Sihoť počas Dní otvorených dverí, ktoré sa budú konať 23. - 24. apríla 2016.","131","858","Indexable",""
"https://www.bvsas.sk/admin/logon/","0","","0","0","Indexable",""
"https://www.bvsas.sk/novinky/zmena-zakaznickych-hodin-pocas-vianocnych-novorocnych-sviatkov.html","1","Vážení zákazníci, dovoľujeme si vás informovať o zmene zákazníckych hodín počas vianočných a novoročných sviatkov v našich kontaktných centrách v Bratislave, Pezinku, Senci, Senici, Skalici a na call centre. Viac informácii nájdete v nasledujúcej tabuľke.","255","1600","Indexable",""
"https://www.bvsas.sk/novinky/obnovenie-poskytovania-technickych-konzultacii-zakresov-verejnych-vodovodov-verejnych-kanalizacii-kontaktnom-centre-senica.html","1","Hodnota 1","9","64","Indexable",""
"https://www.bvsas.sk/novinky/zrusenie-obmedzeni-poskytovania-zakresov-konzultacii-kc-senica.html","1","Hodnota 1","9","64","Indexable",""
"https://www.bvsas.sk/novinky/zmena-cien-od-1-1-2012.html","1","Vážení zákazníci, oznamujeme vám, že od 1. 1. 2012 vstupujú do platnosti nové ceny, ktoré pre Bratislavskú vodárenskú spoločnosť, a. s., schválil Úrad pre reguláciu sieťových odvetví svojím rozhodnutím č. 0092/2012/V nasledovne:","228","1441","Indexable",""
"https://www.bvsas.sk/novinky/bvs-obec-kittsee-podpisali-novu-zmluvu-odvadzani-cisteni-odpadovych-vod.html","1","Hodnota 1","9","64","Indexable",""
"https://www.bvsas.sk/novinky/dozor-vodarenskom-zdroji-sihoti-je-posilneny-aj-policiou.html","1","Hodnota 1","9","64","Indexable",""
"https://www.bvsas.sk/novinky/bezplatna-analyza-vzoriek-vody-2.html","1","Hodnota 1","9","64","Indexable",""
"https://www.bvsas.sk/novinky/zakaznicke-centrum-otvorene-bez-obednajsich-prestavok.html","1","Bratislavská vodárenská spoločnosť, a. s., oznamuje svojim zákazníkom, že s platnosťou od 01. 2. 2010 bude zákaznícke centrum v Bratislave a v Senici otvorené bez obedňajšej prestávky.","184","1171","Indexable",""
"https://www.bvsas.sk/linky-paticke/legislativa/informacie-uzatvorenych-zmluvach-zmysle-5a-ods-3-zakona-c-211/2000-z-z/informacie-uzatvorenych-zmluvach-zmysle-5a-ods-3-zakona-c-211-2000-z-z.html","1","","0","0","Indexable",""
"https://www.bvsas.sk/linky-paticke/nadacia-bvs/venujte-nam-2.html","1","","0","0","Indexable",""
"https://www.bvsas.sk/novinky/pozyvame-vas-den-otvorenych-dveri.html","1","Hodnota 1","9","64","Indexable",""
"https://www.bvsas.sk/domacnosti/vodomer/vodomer.html","1","","0","0","Indexable",""
"https://www.bvsas.sk/vodarenske-muzeum/","1","","0","0","Indexable",""
"https://www.bvsas.sk/novinky/klienti-bvs-mozu-ziskat-vodu-rok-zadarmo.html","1","Hodnota 1","9","64","Indexable",""
"https://www.bvsas.sk/novinky/novym-predsedom-predstavenstva-bvs-je-judr-peter-olajos.html","1","Hodnota 1","9","64","Indexable",""
"https://www.bvsas.sk/novinky/na-nahlasenie-aktualneho-stavu-vodomeru-je-cas.html","1","Hodnota 1","9","64","Indexable",""
"https://www.bvsas.sk/novinky/kompletne-vysledky-bezplatnych-rozborov.html","1","Vážení zákazníci, na tomto mieste Vám budeme priebežne prinášať výsledky bezplatných rozborov vzoriek vody z domácich studní na prítomnosť dusičnanov a celkovú tvrdosť.","168","1083","Indexable",""
"https://www.bvsas.sk/novinky/konzultacie-zakresy-poskytujeme-bez-obmedzenia.html","1","Hodnota 1","9","64","Indexable",""
"https://www.bvsas.sk/novinky/bratislavska-vodarenska-spolocnost-ma-noveho-hovorcu.html","1","Hodnota 1","9","64","Indexable",""
"https://www.bvsas.sk/novinky/pozor-zmena-cennika-vykonov-sluzieb-od-15-10-2013.html","1","Vážení zákazníci, oznamujeme vám, že od 15. 10. 2013 dochádza k zmenám v cenníku výkonov a služieb.","99","653","Indexable",""
"https://www.bvsas.sk/novinky/najkrajsim-parkom-slovenska-je-zahrada-vodarenskeho-muzea.html","1","Záhrada Vodárenského múzea v Bratislave, ktoré patrí Bratislavskej vodárenskej spoločnosti (BVS), zvíťazila v súťaži o najkrajší Park roka 2015. Ocenenie jej udelila Spoločnosť pre záhradnú a krajinnú tvorbu (SZKT) na Záhradníckom fóre 2016, ktoré sa konalo uplynulý víkend v Nitre.","282","1763","Indexable",""
"https://www.bvsas.sk/novinky/kempelen-vratil-do-bratislavy.html","1","Hodnota 1","9","64","Indexable",""
"https://www.bvsas.sk/novinky/novy-cennik-od-1-marca.html","1","Vážení zákazníci, oznamujeme Vám, že od 1. marca 2012 dochádza k spoplatneniu služby vodohospodárske vyjadrenia.","112","739","Indexable",""
"https://www.bvsas.sk/pomoc-podpora/reklamacie/reklamacia-kvality-vody/","1","","0","0","Indexable",""
"https://www.bvsas.sk/vodarenske-muzeum/fotogaleria/muzeum_a_expozicia/","1","","0","0","Indexable",""
"https://www.bvsas.sk/pomoc-podpora/zakaznicky-portal/","1","","0","0","Indexable",""
"https://www.bvsas.sk/novinky/pitna-voda-dlhych-dieloch-je-poriadku.html","1","Vzorky vody z vodojemu na Svíbovej ulici na Dlhých Dieloch, do ktorého sa v piatok 9. septembra vlámal neznámy páchateľ a vyvolal podozrenie na kontamináciu vody, sú v poriadku.","177","1126","Indexable",""
"https://www.bvsas.sk/pomoc-podpora/casto-kladene-otazky/fakturacia-uhrada/pridat-cislo-uctu-uhradu-vratenie-preplatkov.html","1","","0","0","Indexable",""
"https://www.bvsas.sk/novinky/oznacovanie-poruch.html","1","Bratislavská vodárenská spoločnosť v spolupráci s dcérskou firmou Infra Services začala od konca septembra pri odstraňovaní porúch na vodovodnom potrubí umiestňovať informačné tabule na cesty, ktoré pomôžu identifikovať vykonávané práce.","237","1529","Indexable",""
"https://www.bvsas.sk/novinky/kontaktne-centrum-skalica-novej-adrese.html","1","Hodnota 1","9","64","Indexable",""
"https://www.bvsas.sk/novinky/napustanie-bazenov.html","1","Hodnota 1","9","64","Indexable",""
"https://www.bvsas.sk/novinky/generalny-pardon-neopravnene-vypustanie-vod-z-povrchoveho-odtoku-do-verejnej-kanalizacie-predlzeny-do-31-januara-2015.html","1","Vážení zákazníci, dovoľujeme si vám oznámiť, že Bratislavská vodárenská spoločnosť, z dôvodu mimoriadneho záujmu zo strany zákazníkov, predlžuje Generálny pardon na neoprávnené vypúšťanie vôd z povrchového odtoku do verejnej kanalizácie až do 31. januára 2015.","260","1681","Indexable",""
"https://www.bvsas.sk/novinky/motivujeme-ziakov-vybrat-si-povolanie-oblasti-vodarenstva.html","1","Hodnota 1","9","64","Indexable",""
"https://www.bvsas.sk/novinky/nove-cislo-zakaznickeho-casopisu-svet-vody.html","1","Vážení zákazníci, prinášame vám nové číslo zákazníckeho časopisu SVET VODY 01/2015, ktorý pre vás pripravujeme už štvrtý rok.","125","815","Indexable",""
"https://www.bvsas.sk/novinky/na-telefonoch-usetri-bratislavska-vodarenska-spolocnost-viac-ako-310-tisic-eur.html","1","Hodnota 1","9","64","Indexable",""
"https://www.bvsas.sk/poruchy-odstavky/planovane-odstavky/bratislava-stare-mesto-mudronova-18-04-2023.html","1","","0","0","Indexable",""
"https://www.bvsas.sk/novinky/bvs-rozsirila-kapacitu-vodarenskeho-zdroja-holdosov-mlyn.html","1","Bratislavská vodárenská spoločnosť dokončila rozšírenie vodárenského zdroja Holdošov mlyn na Záhorí neďaleko obce Hradište pod Vrátnom. Rozšírený vodárenský zdroj má kapacitu 50 litrov kvalitnej pitnej vody za sekundu, ktorá už nepotrebuje ďalšiu technologickú úpravu. To je viac ako dvojnásobok jeho pôvodnej kapacity. Voda z tohto zdroja bude napájať skupinový vodovod v smere Hradište pod Vrátnom – Osuské – Hlboké – Senica. Celkové investície do rozšírenia vodárenského zdroja sa pohybovali na úrovni 4,6 milióna eur.","521","3319","Indexable",""
"https://www.bvsas.sk/novinky/obmedzenie-dodavky-pitnej-vody-obci-bukova.html","1","Hodnota 1","9","64","Indexable",""
"https://www.bvsas.sk/poruchy-odstavky/planovane-odstavky/bratislava-ruzinov-mesacna-dr-vladimira-clementisa-21-04-2023.html","1","","0","0","Indexable",""
"https://www.bvsas.sk/novinky/bvs-preventivne-otestuje-takmer-200-svojich-klucovych-zamestnancov.html","1","Hodnota 1","9","64","Indexable",""
"https://www.bvsas.sk/pomoc-podpora/reklamacie/reklamacia-faktury/","1","","0","0","Indexable",""
"https://www.bvsas.sk/novinky/bvs-vymeni-straznu-sluzbu.html","1","Hodnota 1","9","64","Indexable",""
"https://www.bvsas.sk/pomoc-podpora/neopravnene-odbery/","1","","0","0","Indexable",""
"https://www.bvsas.sk/novinky/stanovisko-k-zverejnenym-informaciam-kontaminacii-podzemnych-vod-zo-skladky-chzjd-vo-vrakuni.html","1","Hodnota 1","9","64","Indexable",""
"https://www.bvsas.sk/modra-skola/vzdelavaci-program/prihlaska-do-programu-modra-skola/","1","","0","0","Indexable",""
"https://www.bvsas.sk/novinky/bratislavska-vodarenska-spolocnost-si-pripomina-medzinarodny-den-dunaja.html","1","Hodnota 1","9","64","Indexable",""
"https://www.bvsas.sk/novinky/zmena-poste-generalneho-riaditela-bvs.html","1","Hodnota 1","9","64","Indexable",""
"https://www.bvsas.sk/novinky/mail-opat-funkcny.html","1","Vážení zákazníci, e-mail sluzby@bvsas.sk je opäť funkčný. Ďakujeme za trpezlivosť.","82","517","Indexable",""
"https://www.bvsas.sk/vodarenske-muzeum/fotogaleria/karloveske-rameno/","1","","0","0","Indexable",""
"https://www.bvsas.sk/novinky/bratislavska-vodarenska-spolocnost-je-najtransparentnejsia-vodaren-slovensku.html","1","Hodnota 1","9","64","Indexable",""
"https://www.bvsas.sk/novinky/hlasenie-poruch-vodovodnej-kanalizacnej-sieti.html","1","Vážení zákazníci, dňom 19. 07. 2013 uviedla Bratislavská vodárenská spoločnosť do prevádzky zariadenie IVR (Interactive voice response) pre efektívnejšie hlásenie porúch na vodovodnej a kanalizačnej sieti.","205","1295","Indexable",""
"https://www.bvsas.sk/novinky/ospravedlnenie.html","1","Vážení zákazníci, počas mesiaca jún boli distribuované obálky s chybne uvedenou adresou našej spoločnosti, za čo sa vám ospravedlňujeme.","136","878","Indexable",""
"https://www.bvsas.sk/novinky/generalny-pardon-neopravnene-vypustanie-vod-z-povrchoveho-odtoku-do-verejnej-kanalizacie.html","1","Vážení zákazníci, Bratislavská vodárenská spoločnosť, a. s., (ďalej len „BVS“), v období od 1. novembra do 31. decembra 2014 umožňuje svojim zákazníkom nahlásiť neoprávnené vypúšťanie vôd z povrchového odtoku, prípadne zmenu plôch určených na ich vypúšťanie do verejnej kanalizácie.","282","1812","Indexable",""
"https://www.bvsas.sk/novinky/bvs-znova-otvori-zahradu-vodarenskeho-muzea.html","1","Hodnota 1","9","64","Indexable",""
"https://www.bvsas.sk/firmy/sluzby/mimoriadne-vyuctovanie-k-31-12/","1","","0","0","Indexable",""
"https://www.bvsas.sk/pomoc-podpora/","1","","0","0","Indexable",""
"https://www.bvsas.sk/formulare-ziadosti/formulare-ziadosti.html","1","","0","0","Indexable",""
"https://www.bvsas.sk/kontakt/","1","","0","0","Indexable",""
"https://www.bvsas.sk/novinky/vysledky-analyzy-vzoriek-vody-2016.html","1","Vážení zákazníci, ďakujeme Vám za prejavený záujem o naše podajutie, ktoré každý rok pripravujeme ku Svetovému dňu vody - bezplatný rozbor vzoriek vody na prítomnosť dusičnanov a celkovú tvrdosť.","195","1251","Indexable",""
"https://www.bvsas.sk/novinky/dodavka-vody-do-obce-hradiste-pod-vratnom-obnovena.html","1","BVS v nedeľu 24. apríla obnovila dodávku vody do obce Hradište pod Vrátnom.","75","489","Indexable",""
"https://www.bvsas.sk/kvalita-vody/bratislavske-trasy-sviezosti-abtestvariantb.html","1","","0","0","Indexable",""
"https://www.bvsas.sk/modra-skola/hlavna-stranka/o-programe/o-programe.html","1","","0","0","Indexable",""
"https://www.bvsas.sk/novinky/v-roku-1886-zacala-pisat-historia-bratislavskeho-vodarenstva.html","1","Najstarší výtlačný vodovod na Slovensku má 130 rokov Dnes uplynulo presne stotridsať rokov od napustenia prvého verejného výtlačného vodovodu na Slovensku vodou. Postavený bol v Bratislave, voda sa do neho čerpala z podzemia dunajského ostrova Sihoť a tlačila do vodojemu pri hrade, z ktorého tiekla k obyvateľom","312","2007","Indexable",""
"https://www.bvsas.sk/novinky/bvs-spustila-novu-web-stranku.html","1","Bratislava 7. jún 2021 – Bratislavská vodárenská spoločnosť dnes spustila nový dizajn internetovej stránky www.bvsas.sk. Okrem prehľadnejšej grafiky, podrobnejších návodov ako vybaviť najčastejšie dopyty našich zákazníkov, prináša aj viacero noviniek. Napríklad možnosť objednať si online termín stretnutia na našom kontaktnom centre v Bratislave či online mapu dopravných obmedzení po vzniknutých poruchách  a odstávkach.  Nová internetová stránka sa bude ďalej dopĺňať o ďalšie funkcionality. Do konca roka by mala pre spoločnosti vyvážajúce splaškové vody cisternami pribudnúť možnosť objednať si presný termín vývozu na konkrétnej čistiarni odpadových vôd.","660","4175","Indexable",""
"https://www.bvsas.sk/novinky/stanovisko-bvs-k-poplatku-3-7-2-cennika-vykonov-sluzieb.html","1","V zmysle § 26 bodu 1 písm. h) zákona 442/2002 Z. z. o verejných vodovodoch a verejných kanalizáciách, má odberateľ povinnosť oznámiť vlastníkovi verejného vodovodu zmenu vlastníckeho práva k nehnuteľnosti pripojenej na verejný vodovod.","235","1512","Indexable",""
"https://www.bvsas.sk/novinky/bvs-pridava-dalsie-obmedzenia-svojich-cinnosti.html","1","Hodnota 1","9","64","Indexable",""
"https://www.bvsas.sk/linky-paticke/legislativa/enviromentalne-informacie/","1","","0","0","Indexable",""
"https://www.bvsas.sk/novinky/bvs-podujati-danube-up-2016-osviezi-navstevnikov-hravou-formou-priblizi-specificke-vlastnosti-vody.html","1","Bratislavská vodárenská spoločnosť (BVS) pozýva verejnosť na podujatie DANUBE UP 2016, ktoré sa uskutoční 8. a 9. júla v Bratislave ako sprievodná akcia 7. Európskeho samitu regiónov a miest.","191","1231","Indexable",""
"https://www.bvsas.sk/novinky/zakres-vodarenskych-sieti-cez-web-zadarmo-pockanie.html","1","Kadiaľ presne vám cez pozemok ide vodovod alebo kanalizácia už teraz môžete zistiť z pohodlia domova. Informatívny zákres sietí poskytuje BVS cez svoj web, zákres dostanete na e-mail do 30 minút a získate ho bezplatne. Takto získaný zákres má informatívny charakter a nie je určený na právne úkony.","298","1885","Indexable",""
"https://www.bvsas.sk/novinky/dlhsie-odstavenym-prevadzkam-odporuca-bvs-vykonat-preplach-vnutornych-rozvodov-pitnej-vody.html","1","Hodnota 1","9","64","Indexable",""
"https://www.bvsas.sk/novinky/pripajanie-verejny-vodovod-pocas-zimy-bude-obmedzene-3.html","1","Pripájanie na verejný vodovod je počas zimných mesiacov každoročne obmedzené. Neočakávané výkyvy teplôt by totiž mohli ohroziť prevádzku využívaných potrubí. Preto BVS od 1. 12. 2022 do 28. 2. 2023 pozastavuje preberanie žiadostí o preverenie technických podmienok pripojenia na verejný vodovod, ktoré sa týkajú realizácie vodovodnej prípojky alebo rekonštrukcie vodovodnej prípojky.","383","2447","Indexable",""
"https://www.bvsas.sk/novinky/celoplosny-odpocet-stavu-vodomerov-2.html","1","Bratislavská vodárenská spoločnosť oznamuje svojim zákazníkom, že pracovníci dcérskej spoločnosti BVS – Infra Services vykonávajú od začiatku roka 2010 celoplošný odpočet stavu vodomerov.","187","1217","Indexable",""
"https://www.bvsas.sk/novinky/pripajanie-verejny-vodovod-pocas-zimy-bude-obmedzene.html","1","Pripájanie na verejný vodovod je počas zimných mesiacov každoročne obmedzené. Neočakávané výkyvy teplôt by totiž mohli ohroziť prevádzku využívaných potrubí. Preto BVS od 15. 11. 2021 do 28. 2. 2022 pozastavuje preberanie žiadostí o preverenie technických podmienok pripojenia na verejný vodovod, ktoré sa týkajú realizácie vodovodnej prípojky alebo rekonštrukcie vodovodnej prípojky.","384","2455","Indexable",""
"https://www.bvsas.sk/novinky/oslavte-svetovy-den-vody-bratislavskou-vodarenskou-spolocnostou.html","1","Hodnota 1","9","64","Indexable",""
"https://www.bvsas.sk/novinky/zacina-druhe-kolo-sutaze-voda-rok-zadarmo.html","1","Hodnota 1","9","64","Indexable",""
"https://www.bvsas.sk/novinky/stanovisko-k-zakalu-vody-vo-verejnom-vodovode-obciach-ivanka-pri-dunaji-bernolakovo-slovensky-grob-chorvatsky-grob-velky.html","1","Hodnota 1","9","64","Indexable",""
"https://www.bvsas.sk/kvalita-vody/o-vode/analyza-pitnej-vody-kolaudacne-ucely.html","1","","0","0","Indexable",""
"https://www.bvsas.sk/novinky/bratislavska-vodarenska-spolocnost-ziskala-osvedcenie-sposobilosti-vykonavat-vyskum-vyvoj.html","1","Hodnota 1","9","64","Indexable",""
"https://www.bvsas.sk/novinky/vyhodnotenie-generalneho-pardonu.html","1","Bratislavská vodárenská spoločnosť, a. s., (ďalej len BVS) spustila 1. decembra 2010 akciu s názvom Generálny pardon. V praxi to znamenalo, že čiernym odberateľom pitnej vody a čiernym producentom odpadových vôd boli zlegalizované napojenia na siete a vodárenská spoločnosť od nich nevymáhala úhradu za vzniknuté náklady a škody.","329","2115","Indexable",""
"https://www.bvsas.sk/novinky/obmedzenie-poskytovania-konzultacii-zakresov-kc-senec-kc-pezinok.html","1","Hodnota 1","9","64","Indexable",""
"https://www.bvsas.sk/novinky/bvs-zabezpecuje-pitny-rezim-bratislavcanov.html","1","Obyvatelia a návštevníci Bratislavy majú od dnešného dňa k dispozícii bezplatný pitný režim v centre mesta. Ide o tradičnú akciu organizovanú v spolupráci s mestom, v rámci ktorej budú dostupné cisterny s pitnou vodou na Hlavnom námestí a Poštovej ulici.","254","1589","Indexable",""
"https://www.bvsas.sk/novinky/bvs-odporuca-skolam-preventivny-preplach-vodovodnych-rozvodov.html","1","Hodnota 1","9","64","Indexable",""
"https://www.bvsas.sk/pomoc-podpora/cennik/","1","","0","0","Indexable",""
"https://www.bvsas.sk/novinky/bvs-podava-trestne-oznamenie-za-ohrozenie-ustrednej-cistiarne-odpadovych-vod-vo-vrakuni.html","1","Hodnota 1","9","64","Indexable",""
"https://www.bvsas.sk/novinky/pozastavenie-nahlasovania-stavov-vodomerov.html","1","Hodnota 1","9","64","Indexable",""
"https://www.bvsas.sk/vodarenske-muzeum/fotogaleria/fotogaleria.html","1","","0","0","Indexable",""
"https://www.bvsas.sk/novinky/chrante-svoj-vodomer-pred-zamrznutim.html","1","Vzhľadom na pretrvávajúce obdobie mrazov sme pre Vás pripravili niekoľko tipov, ako chrániť vodomer pred poškodením v dôsledku zamrznutia.","138","887","Indexable",""
"https://www.bvsas.sk/novinky/kontaktne-centra-bvs-opat-otvorene.html","1","Hodnota 1","9","64","Indexable",""
"https://www.bvsas.sk/domacnosti/zrazky-zrazkove-vody/vypocet-zrazkovych-vod/","1","","0","0","Indexable",""
"https://www.bvsas.sk/novinky/oznam-technickej-odstavke.html","1","Hodnota 1","9","64","Indexable",""
"https://www.bvsas.sk/kontakt/napiste-nam.html","1","","0","0","Indexable",""
"https://www.bvsas.sk/poruchy-odstavky/planovne-odstavky/ba-vrakuna-levandulova-27-4-2021.html","1","","0","0","Indexable",""
"https://www.bvsas.sk/novinky/pozname-vitazov-zakaznickej-sutaze.html","1","V auguste 2011 BVS spustila prvú súťaž pre svojich zákazníkov prostredníctvom príbalových letákov.","98","625","Indexable",""
"https://www.bvsas.sk/novinky/bvs-prechadza-do-krizoveho-personalneho-rezimu.html","1","Hodnota 1","9","64","Indexable",""
"https://www.bvsas.sk/novinky/vypadok-mailovej-komunikacie.html","1","Vážení zákazníci, dovoľujeme si vás upozorniť, že od 27. 10. 2014 nie je možné prijímať ani odosielať e-maily na sluzby@bvsas.sk.","129","809","Indexable",""
"https://www.bvsas.sk/linky-pliliaticke/legislliliativlilia/dliliarovliliacie-zmluvy-vodne-stliliavby/","1","","0","0","Indexable",""
"https://www.bvsas.sk/domacnosti/submenu/","1","","0","0","Non-Indexable","noindex"
"https://www.bvsas.sk/novinky/?page=20","1","","0","0","Non-Indexable","Canonicalised"
"https://www.bvsas.sk/novinky/?page=21","1","","0","0","Non-Indexable","Canonicalised"
"https://www.bvsas.sk/novinky/?page=22","1","","0","0","Non-Indexable","Canonicalised"
"https://www.bvsas.sk/novinky/bratislavska-vodarenska-spolocnost-meni-ceny.html","1","V regióne pôsobnosti Bratislavskej vodárenskej spoločnosti sa od 24. januára 2023 zmení cena vodného a stočného","111","723","Indexable",""
"https://www.bvsas.sk/novinky/?page=10","1","","0","0","Non-Indexable","Canonicalised"
"https://www.bvsas.sk/novinky/?page=11","1","","0","0","Non-Indexable","Canonicalised"
"https://www.bvsas.sk/novinky/?page=12","1","","0","0","Non-Indexable","Canonicalised"
"https://www.bvsas.sk/novinky/?page=13","1","","0","0","Non-Indexable","Canonicalised"
"https://www.bvsas.sk/novinky/?page=14","1","","0","0","Non-Indexable","Canonicalised"
"https://www.bvsas.sk/novinky/?page=15","1","","0","0","Non-Indexable","Canonicalised"
"https://www.bvsas.sk/novinky/?page=16","1","","0","0","Non-Indexable","Canonicalised"
"https://www.bvsas.sk/novinky/cisterna-pitnou-vodou-opat-hlavnom-namesti.html","1","Podľa predpovede počasia nás opäť čaká tropický týždeň, kedy by teplota mala presahovať 30 °C. Počas celého týždňa (od 20. do 24. augusta) bude naša spoločnosť v centre hlavného mesta zabezpečovať pitný režim.","209","1357","Indexable",""
"https://www.bvsas.sk/novinky/cisterny-pitnou-vodou-opat-hlavnom-meste.html","1","Hodnota 1","9","64","Indexable",""
"https://www.bvsas.sk/novinky/?page=17","1","","0","0","Non-Indexable","Canonicalised"
"https://www.bvsas.sk/novinky/?page=18","1","","0","0","Non-Indexable","Canonicalised"
"https://www.bvsas.sk/novinky/?page=19","1","","0","0","Non-Indexable","Canonicalised"
"https://www.bvsas.sk/novinky/zasielanie-novych-zmluv.html","1","Vážení zákazníci, v súvislosti s prechodom na nový spôsob fakturácie Vám bola, prípadne bude zaslaná nová zmluva v dvoch vyhotoveniach.","135","873","Indexable",""
"https://www.bvsas.sk/novinky/zmena-zakaznickych-hodin-pocas-sviatkov.html","1","Vážení zákazníci, dovoľujeme si vás informovať o zmene zákazníckych hodín počas vianočných a novoročných sviatkov v našich zákaznícky centrách Bratislava, Senica a na call centre. Viac informácii nájdete v nasledujúcej tabuľke.","227","1439","Indexable",""
"https://www.bvsas.sk/novinky/zakaznicke-centrum-opat-plnej-prevadzke.html","1","Vážení zákazníci, technická porucha na zákazníckom centre v Bratislave bola odstránená, fungujeme opäť v plnom režime.","118","755","Indexable",""
"https://www.bvsas.sk/novinky/chcete-byt-vybaveni-rychlejsie.html","1","Vážení zákazníci, v záujme rýchlejšieho vybavenia pri osobnej návšteve našich zákazníckych centier dodržujte prosím nasledujúce pokyny:","135","856","Indexable",""
"https://www.bvsas.sk/novinky/laureatom-ceny-visio-2020-stal-projekt-bvs-modra-skola-voda-buducnost.html","1","Hodnota 1","9","64","Indexable",""
"https://www.bvsas.sk/linky-paticke/legislativa/zmluvy-kvalite-odpadovych-vod-odvadzanych-verejnou-kanalizaciou/","1","","0","0","Indexable",""
"https://www.bvsas.sk/linky-paticke/legislativa/povinne-zverejnovanie-faktury/","1","","0","0","Indexable",""
"https://www.bvsas.sk/novinky/kontaktne-centrum-bratislave-aj-mestskej-casti-lamac.html","1","Hodnota 1","9","64","Indexable",""
"https://www.bvsas.sk/kvalita-vody/ako-setrit-vodu-domacnosti.html","1","","0","0","Indexable",""
"https://www.bvsas.sk/novinky/obnovenie-poskytovania-konultacii-zakresov-kc-lamac.html","1","Hodnota 1","9","64","Indexable",""
"https://www.bvsas.sk/novinky/zapadne-slovensko-ma-problem-so-spracovanim-zumpovych-vod.html","1","Zvýšená výstavba v okolí Bratislavy a na celom západnom Slovensku, ktorá prebieha bez potrebného rozvoja kanalizačnej siete, spôsobuje problémy so spracovávaním odpadových vôd. Čistenie bežných žumpových vôd je takmer štyrikrát náročnejšie ako čistenie odkanalizovanej vody. Čistiarne odpadových vôd Bratislavskej vodárenskej spoločnosti už pracujú na hranici svojich technologických možností. V niektorých prípadoch BVS dokonca musí obmedzovať objem spracovávaných žumpových vôd, aby dodržala záväzné normy na kvalitu čistenia. To však spôsobuje problémy občanom, ktorí majú záujem vyviesť svoje žumpové vody.","610","3956","Indexable",""
"https://www.bvsas.sk/domacnosti/zrazky-zrazkove-vody/zrusenie-om/","1","","0","0","Indexable",""
"https://www.bvsas.sk/novinky/obmedzenie-poskytovania-konzultacii-zakresov-kc-bratislava-lamac.html","1","Hodnota 1","9","64","Indexable",""
"https://www.bvsas.sk/novinky/vodne-stocne-regione-bvs-vzrastie-menej-ako-cakalo.html","1","Hodnota 1","9","64","Indexable",""
"https://www.bvsas.sk/novinky/modernizacia-dvoch-najvacsich-cov-slovensku-skoncila-investicia-je-prispevkom-slovenska-k-cistejsiemu-dunaju.html","1","Dnes boli v Bratislave po rekonštrukcii uvedené do prevádzky čistiarne odpadových vôd (ČOV) vo Vrakuni a Petržalke. Investíciu za takmer 29 miliónov eur, spolufinancovanú z Kohézneho fondu EÚ, štátneho rozpočtu a rozpočtu Bratislavskej vodárenskej spoločnosti (BVS), slávnostne odovzdal do užívania štátny tajomník ministerstva životného prostredia Vojtech Ferencz, spolu s primátorom Bratislavy Ivom Nesrovnalom a generálnym riaditeľom BVS Zsoltom Lukáčom.","457","2917","Indexable",""
"https://www.bvsas.sk/vodarenske-muzeum/kontakty/","1","","0","0","Indexable",""
"https://www.bvsas.sk/novinky/bvs-pokracuje-obmene-svojho-vozoveho-parku.html","1","Bratislavská vodárenská spoločnosť úspešne pokračuje v obmene vozového parku. Z plánovanej tohtoročnej výmeny 140-tich automobilov, je už za ekologickejšie mild-hybridy a cenovo výhodnejšie modely vymenených viac ako sto kusov. Postupnú obmenu zvyšných kusov bude BVS realizovať koncom tohto a v priebehu budúceho roka tak, aby sa už v nasledujúcom roku vo výraznej miere prejavili úspory z obstarávania, ktoré v niektorých segmentoch dosiahli až 40 percent.","458","2955","Indexable",""
"https://www.bvsas.sk/firmy/individualny-pristup/","1","","0","0","Indexable",""
"https://www.bvsas.sk/poruchy-odstavky/","1","","0","0","Indexable",""
"https://www.bvsas.sk/novinky/bvs-rokuje-rakuskymi-obcami-novej-zmluve.html","1","Hodnota 1","9","64","Indexable",""
"https://www.bvsas.sk/linky-paticke/nadacia-bvs/grantovy-program-naucme-viac-vode-2021.html","1","","0","0","Indexable",""
"https://www.bvsas.sk/novinky/zostavaju-tri-dni-zapojenie-do-sutaze.html","1","Hodnota 1","9","64","Indexable",""
"https://www.bvsas.sk/novinky/bvs-veltrhu-coneco-stanku-osviezi-navstevnikov.html","1","Hodnota 1","9","64","Indexable",""
"https://www.bvsas.sk/firmy/sluzby/zasielanie-faktur-xml/","1","","0","0","Indexable",""
"https://www.bvsas.sk/novinky/bvs-bude-mat-otvorene-dvere-ukaze-vodarenske-muzeum-aj-sihot.html","1","Bratislavská vodárenská spoločnosť sa cez víkend už tradične zapojí do podujatia „Bratislava pre všetkých“. Pre verejnosť bude otvorená expozícia Vodárenského múzea a taktiež bude možné navštíviť ostrov Sihoť.","209","1328","Indexable",""
"https://www.bvsas.sk/linky-paticke/gdpr/","1","","0","0","Indexable",""
"https://www.bvsas.sk/novinky/valne-zhromazdenie-bvs-schvalilo-mimoriadne-vyhodny-uver-opravu-infrastruktury.html","1","Hodnota 1","9","64","Indexable",""
"https://www.bvsas.sk/novinky/zmena-zakaznickych-hodin.html","1","Od 1. 6. 2010 sa menia zákaznícke hodiny v zákazníckych centrách v Bratislave a v Senici (čítajte viac).","104","648","Indexable",""
"https://www.bvsas.sk/novinky/slnovrat-dunaji-2018.html","1","Hodnota 1","9","64","Indexable",""
"https://www.bvsas.sk/novinky/priprava-vodomeru-zimne-obdobie.html","1","Hodnota 1","9","64","Indexable",""
"https://www.bvsas.sk/novinky/povodne-pripravovane-opatrenia-suvislosti-so-zaplavami.html","1","Dodávka pitnej vody pre všetky mestské časti v súčasnosti funguje. BVS monitoruje kvalitu vody v studniach na Sihoti prakticky online. V prípade zistenia, že sa studňa kontaminuje, okamžite ju zatvárame.","203","1261","Indexable",""
"https://www.bvsas.sk/novinky/den-otvorenych-dveri-vo-vodarenskom-muzeu.html","1","Vážení zákazníci, srdečne vás pozývame na Deň otvorených dverí, ktorý sa uskutoční 25. - 26. 4. 2015 vo Vodárenskom múzeu na Devínskej ceste č. 1.","146","947","Indexable",""
"https://www.bvsas.sk/novinky/bratislavska-vodarenska-spolocnost-zrusila-nevyhodny-prenajom-vw-touareg-usetri-viac-ako-300-tisic-elektrine.html","1","Hodnota 1","9","64","Indexable",""
"https://www.bvsas.sk/novinky/ekologicky-cin-skoly.html","1","Projekt je určený pre materské a základné školy z Bratislavy a okolia. Cieľom projektu je viesť žiakov k pozitívnemu vzťahu k prírode, k ekologickému zmýšľaniu a cíteniu.","170","1043","Indexable",""
"https://www.bvsas.sk/novinky/bvs-preventivne-reaguje-znecistenie-dunaja-rakusku.html","1","Hodnota 1","9","64","Indexable",""
"https://www.bvsas.sk/modra-skola/fotagaleria/festival-vody/","1","","0","0","Indexable",""
"https://www.bvsas.sk/domacnosti/zmena-udajov/","1","","0","0","Indexable",""
"https://www.bvsas.sk/kvalita-vody/pitne-fontany/","1","","0","0","Indexable",""
"https://www.bvsas.sk/domacnosti/nove-pripojenie/nove-pripojenie/existujuca-vodovodna-pripojka-iba-osadenie-vodomeru.html","1","","0","0","Indexable",""
"https://www.bvsas.sk/novinky/bvs-zrekonstruuje-vodovod-hradskej-ulici-bratislave.html","1","Bratislavská vodárenská spoločnosť začne v júli s rekonštrukciou vodovodu na Hradskej ulici v bratislavskej Vrakuni. Ide o koordinovanú akciu s magistrátom hlavného mesta, ktorý má následne pripravenú rekonštrukciu asfaltových povrchov v tejto lokalite.","253","1581","Indexable",""
"https://www.bvsas.sk/vodarenske-muzeum/vodarenska-zahrada/cyklopoint/","1","","0","0","Indexable",""
"https://www.bvsas.sk/firmy/submenu/submenu.html","1","","0","0","Indexable",""
"https://www.bvsas.sk/domacnosti/fakturacia/faktury/prechod-fakturu-krok-k-obehovemu-hospodarstvu.html","1","","0","0","Indexable",""
"https://www.bvsas.sk/novinky/bratislavska-vodarenska-spolocnost-vyskumny-ustav-vodneho-hospodarstva-podpisali-dohodu-odbornej-vedecko-vyskumnej-spolup.html","1","Hodnota 1","9","64","Indexable",""
"https://www.bvsas.sk/novinky/noc-muzei-galerii-2016.html","1","Srdečne Vás pozývame do Vodárenského múzea a na ostrov Sihoť počas podujatia Noc múzeí a galérií, ktoré sa uskutoční 21. mája 2016 (sobota).","140","915","Indexable",""
"https://www.bvsas.sk/novinky/bvs-je-smart-pridte-tom-presvedcit-veltrh-coneco-2018.html","1","Hodnota 1","9","64","Indexable",""
"https://www.bvsas.sk/novinky/vzorky-vody-bude-mozne-otestovat-zdarma.html","1","Na rozšírený test bude výrazná zľava V rámci Svetového dňa vody Bratislavská vodárenská spoločnosť umožní záujemcom zdarma otestovať vodu z domácich studní na dva základné parametre. V prípade záujmu o podrobnejšiu analýzu vody zo domácej studne, prichádza BVS v tomto roku s novinkou - rozšíreným testom na stanovené vybrané mikrobiologické, biologické, fyzikálne a chemické ukazovatele resp. objednávateľ si môže dať stanoviť vybraný rozsah pesticídov. Tieto analýzy bude možné si počas tohto podujatia objednať so 40 percentnou zľavou. Rovnako so 40 % zľavou si budú môcť otestovať odpadovú vodu majitelia domácich čistiarní odpadových vôd.","643","4153","Indexable",""
"https://www.bvsas.sk/domacnosti/vodomer/nahlasenie-cez-zakaznicky-portal/","1","","0","0","Indexable",""
"https://www.bvsas.sk/novinky/zavadzanie-dialkovych-odpoctov-vodomerov-petrzalke.html","1","Vážení zákazníci, v rámci realizácie pilotného projektu implementácie tzv. diaľkových odpočtov vodomerov v oblasti Bratislava-Petržalka, dochádza v posledných týždňoch k výmene vodomerov a následnej montáži SMART zariadenia ku každému vodomeru, ktoré umožní realizovať BVS odpočty vodomeru bez nutnosti sprístupnenia vodomernej šachty zo strany zákazníka. Zákazník tak bude sprístupňovať vodomer len v prípade technických alebo legislatívnych požiadaviek pre ich výmenu t. j. v intervale raz za 6 rokov.","503","3205","Indexable",""
"https://www.bvsas.sk/novinky/vysledky-analyzy-vzoriek-vody.html","1","Jedna z piatich vzoriek vody z domácej studne, ktorú Bratislavská vodárenská spoločnosť zadarmo otestovala v rámci Svetového dňa vody, prekročila odporúčané limity tvrdosti alebo obsah dusičnanov. Vyplýva to z výsledkov rozboru viac ako 700 vzoriek vody, ktoré do laboratórií BVS priniesli záujemcovia. Voda z verejného vodovodu je testovaná pravidelne priamo vodárňami a spĺňa všetky hygienické normy.","402","2555","Indexable",""
"https://www.bvsas.sk/novinky/partnerstvo-medzi-bsk-bvs.html","1","Hodnota 1","9","64","Indexable",""
"https://www.bvsas.sk/modra-skola/vysledky-vyhladavania.html","1","","0","0","Non-Indexable","noindex"
"https://www.bvsas.sk/novinky/stanovisko-bvs-k-udeleniu-odmeny-byvaleho-generalneho-riaditela-infra-services-s.html","1","Hodnota 1","9","64","Indexable",""
"https://www.bvsas.sk/novinky/zrusenie-uctu-dexia-banka.html","1","Vážení zákazníci, dovoľujeme si Vás upozorniť, že ku dňu 31. 7. 2011 ruší Bratislavská vodárenská spoločnosť bankové účty v Dexia banke.","136","869","Indexable",""
"https://www.bvsas.sk/domacnosti/vodomer/nahlasenie-prostrednicvom-posty-ak-ste-dostali-karticku-odpoctara/","1","","0","0","Indexable",""
"https://www.bvsas.sk/novinky/pozyvame-vas-festival-svetla-bratislava-2016.html","1","Do soboty 24. septembra bude nočná Bratislava žiť rozprávkami, legendami a povesťami.","85","553","Indexable",""
"https://www.bvsas.sk/modra-skola/fotagaleria/vyucbove-program/","1","","0","0","Indexable",""
"https://www.bvsas.sk/novinky/oslavte-bratislavskou-vodarenskou-spolocnostou-svetovy-den-vody.html","1","Hodnota 1","9","64","Indexable",""
"https://www.bvsas.sk/novinky/?page=3","1","","0","0","Non-Indexable","Canonicalised"
"https://www.bvsas.sk/novinky/?page=2","1","","0","0","Non-Indexable","Canonicalised"
"https://www.bvsas.sk/novinky/?page=7","1","","0","0","Non-Indexable","Canonicalised"
"https://www.bvsas.sk/novinky/?page=6","1","","0","0","Non-Indexable","Canonicalised"
"https://www.bvsas.sk/novinky/?page=9","1","","0","0","Non-Indexable","Canonicalised"
"https://www.bvsas.sk/novinky/?page=8","1","","0","0","Non-Indexable","Canonicalised"
"https://www.bvsas.sk/novinky/bvs-otvorila-zrekonstruovane-kontaktne-centrum-pezinku-upravenymi-zakaznickymi-hodinami.html","1","Bratislavská vodárenská spoločnosť v pondelok otvorila pre svojich zákazníkov zrekonštruované kontaktné centrum v Pezinku. Po otvorení úplne nových kontaktných centier vo vynovených priestoroch v Bratislave, Malackách aj Senici sa tak aj posledné kontaktné centrum BVS posunulo do nového štandardu. Dobrou správou je aj úprava zákazníckych hodín, aby moderné kontaktné centrum BVS bolo dostupnejšie a ponúkalo zákazníkom vodární nielen vysoký štandard služieb v príjemných priestoroch s jednotným dizajnom, ale aj dostatok času na vybavenie svojich požiadaviek.","561","3596","Indexable",""
"https://www.bvsas.sk/novinky/karloveske-rameno-pomaha-vodarenskemu-zdroju-sihot.html","1","Po rokoch príprav a približne siedmich týždňoch prác sa 3. júna 2016 podarilo Karloveské rameno v Bratislave prepojiť s hlavným tokom rieky Dunaj. Finálne úpravy si priamo na mieste pozrel aj minister životného prostredia László Sólymos, spolu s predsedom Bratislavského regionálneho ochranárskeho združenia Tomášom Kušíkom a generálnym riaditeľom Bratislavskej vodárenskej spoločnosti Zsoltom Lukáčom.","402","2570","Indexable",""
"https://www.bvsas.sk/novinky/?page=1","1","","0","0","Non-Indexable","Canonicalised"
"https://www.bvsas.sk/novinky/reklamacny-poriadok.html","1","Hodnota 1","9","64","Indexable",""
"https://www.bvsas.sk/novinky/do-obnovy-vodarenskej-infrastruktury-bratislave-okoli-dlhodobo-neinvestovalo-potrebne-budu-stovky-milionov.html","1","Hodnota 1","9","64","Indexable",""
"https://www.bvsas.sk/domacnosti/fakturacia/faktury/","1","","0","0","Indexable",""
"https://www.bvsas.sk/novinky/zmena-vo-vedeni-bvs.html","1","Valné zhromaždenie Bratislavskej spoločnosti dnes chválilo účtovnú uzávierku BVS za rok 2020. Akcionári BVS zároveň zobrali na vedomie personálne zmeny vo vedení spoločnosti. Na vlastnú žiadosť dnes odišiel z pozície výrobného riaditeľa a člena predstavenstva Ing. Miroslav Kollár, PhD. Jeho pozíciu bude zastávať súčasný obchodný riaditeľ Ing. Ladislav Kizak.","360","2274","Indexable",""
"https://www.bvsas.sk/novinky/zmena-zakaznickych-hodin-od-24-10.html","1","Vážení zákazníci, s platnosťou od 24. 10. 2010 sa menia zákaznícke hodiny v zákazníckych centrách v Bratislave a v Senici (zrušenie obedovej prestávky).","152","962","Indexable",""
"https://www.bvsas.sk/kontakt/napiste-nam-zmena-udajov.html","1","","0","0","Indexable",""
"https://www.bvsas.sk/novinky/kontaktne-centrum-malackach-novej-adrese.html","1","Hodnota 1","9","64","Indexable",""
"https://www.bvsas.sk/pomoc-podpora/reklamacie/","1","","0","0","Indexable",""
"https://www.bvsas.sk/novinky/zakaznicky-casopis.html","1","Vážení zákazníci, pripravili sme si pre vás novinku v podobe zákazníckeho časopisu.","83","522","Indexable",""
"https://www.bvsas.sk/novinky/zmena-zakaznickych-hodin-pocas-vianocnych-sviatkov.html","1","Hodnota 1","9","64","Indexable",""
"https://www.bvsas.sk/novinky/vodovod-radosovciach-je-dokonceny.html","1","Dnes začala tiecť voda z verejného vodovodu prvým obyvateľom Radošoviec. Vodovod v tejto obci bude zásobovať vodou takmer 450 odberných miest, ktoré sa budú môcť spoľahnúť na dodávku kvalitnej pitnej vody aj počas letných mesiacov, kedy boli v tejto obci dlhodobo problémy s vodou","280","1810","Indexable",""
"https://www.bvsas.sk/firmy/sluzby/","1","","0","0","Indexable",""
"https://www.bvsas.sk/modra-skola/fotagaleria/","1","","0","0","Indexable",""
"https://www.bvsas.sk/rezervacia-stretnutia/rezervacny-formular/rezervacny-formular-zumpa.html","1","","0","0","Indexable",""
"https://www.bvsas.sk/novinky/analyza-vzoriek-vody-zdarma-rozsirene-testy-bude-zlava.html","1","V rámci Svetového dňa vody umožní Bratislavská vodárenská spoločnosť záujemcom zdarma otestovať pitnú vodu z domácich studní na dva základné parametre – celkovú tvrdosť a obsah dusičnanov. Na tri vybrané analýzy vzoriek vody, objednané 22. marca 2023, poskytneme záujemcom 40 percentnú zľavu.","292","1919","Indexable",""
"https://www.bvsas.sk/novinky/celoslovesnka-sutaz-zrucnosti-vodarenskych-pracovnikov.html","1","Vážení zákazníci, už tento štvrtok 11. septembra 2014 v čase od 9:00 do 13:30 hod. sa na Námestí M. R. Štefánika, uskutoční hlavná časť programu určená pre širokú verejnosť – súťaž tímov reprezentujúcich 10 vodárenských spoločností. Bližšie informácie nájdete v pozvánke.","271","1719","Indexable",""
"https://www.bvsas.sk/novinky/pozvanka-noc-muzei-galerii.html","1","Hodnota 1","9","64","Indexable",""
"https://www.bvsas.sk/novinky/bazeny-je-potrebne-napustat-pomaly.html","1","Hodnota 1","9","64","Indexable",""
"https://www.bvsas.sk/novinky/revizne-spravy-bvs-robili-nekvalitne-bvs-tieto-pripady-vysetruje.html","1","Hodnota 1","9","64","Indexable",""
"https://www.bvsas.sk/novinky/kontaktne-centrum-senici-novej-adrese.html","1","Hodnota 1","9","64","Indexable",""
"https://www.bvsas.sk/modra-skola/vzdelavaci-program/festival-vody.html","1","","0","0","Indexable",""
"https://www.bvsas.sk/firmy/sluzby/nastavenia-fakturacii/","1","","0","0","Indexable",""
"https://www.bvsas.sk/domacnosti/vodomer/vodomer-pravidelna-vymena-porucha-vodomeru-zaroseny-vodomer-skuska-vodomeru/","1","","0","0","Indexable",""
"https://www.bvsas.sk/novinky/prerusenie-dodavok-vody-do-obce-hradiste-pod-vratnom.html","1","Predpokladaný termín obnovenia štandardných dodávok vody je pondelok 25. apríla.","80","522","Indexable",""
"https://www.bvsas.sk/ukazovatele-kvality-vody/","1","Hodnota 1","9","64","Indexable",""
"https://www.bvsas.sk/novinky/novy-vodojem-zahorskej-bystrici-ma-hotove-obe-komory.html","1","Nový vodojem v Záhorskej Bystrici je hotový približne na 70 percent. Dokončená je hrubá stavba objektu, vrátane oboch hlavný komôr, ktoré budú slúžiť na akumuláciu pitnej vody pre obyvateľov Záhorskej Bystrice a okolia. Ak pôjde všetko podľa predpokladov, tak približne 13 tisíc ľudí začne vodu z tohto vodojemu využívať na začiatku roku 2023. Obyvateľov časti Záhorskej Bystrice, Kŕče, Podkerepušky, Dievčí hrádok ale aj viacerých menších lokalít v tejto oblasti tak čaká posledné leto, kedy budú mať počas letných dní problémy s tlakom vody z verejného vodovodu.","564","3535","Indexable",""
"https://www.bvsas.sk/vodarenske-muzeum/muzeum-expozicie/popis-historia-arealu/","1","","0","0","Indexable",""
"https://www.bvsas.sk/vodarenske-muzeum/kontakty/rozsirene-kontakty/","1","","0","0","Indexable",""
"https://www.bvsas.sk/novinky/valne-zhromazdenie-schvalilo-personalne-zmeny-vo-svojich-organoch.html","1","Hodnota 1","9","64","Indexable",""
"https://www.bvsas.sk/novinky/otvarame-nove-kontaktne-centra.html","1","Vážení zákazníci, oznamujeme vám, že dňa 01. 12. 2014 pre vás otvárame nové kontaktné centrá v Pezinku a Senci. Adresy uvedených centier vrátane zákazníckych hodín nájdete v sekcii Kontakty.","190","1228","Indexable",""
"https://www.bvsas.sk/novinky/bvs-kupi-akcie-infra-services.html","1","Hodnota 1","9","64","Indexable",""
"https://www.bvsas.sk/poruchy-odstavky/planovane-odstavky/bratislava-dubravka-cabanova-22-26.html","1","","0","0","Indexable",""
"https://www.bvsas.sk/domacnosti/zrazky-zrazkove-vody/","1","","0","0","Indexable",""
"https://www.bvsas.sk/vodarenske-muzeum/prenajom-priestorov/","1","","0","0","Indexable",""
"https://www.bvsas.sk/novinky/obnovenie-poskytovania-konzultacii-zakresov-kc-senec.html","1","Hodnota 1","9","64","Indexable",""
"https://www.bvsas.sk/novinky/vodohospodarske-vyjadrenia-aj-do-7-pracovnych-dni.html","1","Vážení zákazníci, od 1. 10. 2011 ponúka Bratislavská vodárenská spoločnosť zrýchlené vodohospodárske vyjadrenia do 7 pracovných dní.","132","860","Indexable",""
"https://www.bvsas.sk/novinky/zmena-zakaznickych-hodin-zakresy-technicke-konzultacie-od-01-09-2015-kontaktnych-centrach-pezinku-senci.html","1","Vážení zákazníci, dovoľujeme si vás upozorniť na zmenu zákazníckych hodín od 01. 09. 2015 pre zákresy a technické konzultácie na kontaktných centrách v Pezinku a v Senci.","170","1084","Indexable",""
"https://www.bvsas.sk/poruchy-odstavky/planovane-odstavky/nova-web-stranka-7.html","1","","0","0","Indexable",""
"https://www.bvsas.sk/novinky/bratislavska-vodarenska-spolocnost-poziada-zvysenie-cien.html","1","Hodnota 1","9","64","Indexable",""
"https://www.bvsas.sk/novinky/dozorna-rada-bvs-velkou-vacsinou-schvalila-prevzatie-kontroly-nad-infra-services.html","1","Hodnota 1","9","64","Indexable",""
"https://www.bvsas.sk/domacnosti/vodomer/nahlasenie-prostednictvom-mailu/","1","","0","0","Indexable",""
"https://www.bvsas.sk/firmy/sluzby/odber-analyza-odpadovej-vody/","1","","0","0","Indexable",""
"https://www.bvsas.sk/domacnosti/vodomer/nahlasenie-prostrednictvom-call-centra/","1","","0","0","Indexable",""
"https://www.bvsas.sk/novinky/slnovrat-dunaji-mesiac-otvorenych-nabrezi.html","1","Hodnota 1","9","64","Indexable",""
"https://www.bvsas.sk/novinky/vysledky-analyzy-vzoriek-vody-2018.html","1","Hodnota 1","9","64","Indexable",""
"https://www.bvsas.sk/vodarenske-muzeum/muzeum-expozicie/ostrov-sihot/","1","","0","0","Indexable",""
"https://www.bvsas.sk/linky-paticke/eu-projekty/","1","","0","0","Indexable",""
"https://www.bvsas.sk/novinky/zacala-vystavba-vodovodu-dubovciach.html","1","Dnes sa slávnostne začala výstavba verejného vodovodu v Dubovciach na Záhorí. Po tom, čo sa verejný vodovod začal minulý rok stavať v Radošovciach a Popudinských Močidľanoch, sa podarilo naštartovať výstavbu aj v obci Dubovce. Napriek tomu, že obec leží v tesnej blízkosti veľkého transportného vodovodu, obyvatelia nemali prístup k pitnej vode. Vďaka projektu za približne 2,2 milióna eur sa k verejnému vodovodu bude môcť pripojiť 233 odberných miest. BVS položí viac ako 3,5 kilometra nového vodovodného potrubia. Obyvatelia Duboviec tak budú mať neobmedzený prístup ku kvalitnej pitnej vode z verejného vodovodu a nebudú sa musieť spoliehať na vodu zo svojich studní alebo balenú vodu.","689","4401","Indexable",""
"https://www.bvsas.sk/novinky/obmedzenie-poskytovania-konzultacii-zakresov-kc-skalica.html","1","Hodnota 1","9","64","Indexable",""
"https://www.bvsas.sk/novinky/nove-zakaznicke-centrum-otvorene.html","1","Vážení zákazníci, dňa 19. 11. 2012 sme pre Vás otvorili novozrekonštruované priestory na Prešovskej 48 v Bratislave.","116","735","Indexable",""
"https://www.bvsas.sk/linky-paticke/o-spolocnosti/","1","","0","0","Indexable",""
"https://www.bvsas.sk/novinky/informacna-povinnost.html","1","Hodnota 1","9","64","Indexable",""
"https://www.bvsas.sk/vodarenske-muzeum/muzeum-expozicie/expozicia-vodarenskeho-muzea/","1","","0","0","Indexable",""
"https://www.bvsas.sk/eco-projekty/ecoprojekt-cislo-2.html","1","","0","0","Indexable",""
"https://www.bvsas.sk/rezervacia-cov/zumpove-vody/","1","","0","0","Indexable",""
"https://www.bvsas.sk/poruchy-odstavky/prerusenie-dodavky/","1","","0","0","Indexable",""
"https://www.bvsas.sk/novinky/bvs-vita-zastavenie-vyrubu-stromov-ostrove-sihot.html","1","Bratislavská vodárenská spoločnosť víta opatrenie ministerky pôdohospodárstva a rozvoja vidieka Gabriely Matečnej, ktorým pozastavila výrub stromov na bratislavskom ostrove Sihoť. Prioritou BVS aj ministerstva je zabezpečenie dlhodobej ekologickej stability územia a ochrana vodárenských zdrojov.","296","1873","Indexable",""
"https://www.bvsas.sk/novinky/dvojzlozkova-cena-vody-prinasa-spravodlivejsie-prerozdelenie-nakladov-medzi-vsetkych-odberatelov.html","1","Bratislavská vodárenská spoločnosť, a.s. (BVS) zavádza od 1. januára 2017 dvojzložkovú cenu vodného a stočného pre svojich odberateľov. Táto zmena vychádza z vyhlášky Úradu pre reguláciu sieťových odvetví SR č. 225/2016 Z. z., ktorou všetkým vodárenským spoločnostiam pôsobiacim na Slovensku uložil povinnosť rozdeliť cenu vodného a stočného na variabilnú zložku (za množstvo dodanej pitnej vody a spracovanej odpadovej vody) a fixnú zložku (za služby súvisiace s pripojením).","476","3043","Indexable",""
"https://www.bvsas.sk/novinky/nove-kontaktne-centrum-aj-malackach.html","1","Vážení zákazníci, oznamujeme vám, že dňa 16. 2. 2015 pre vás otvárame nové kontaktné centrum v Malackách.","105","693","Indexable",""
"https://www.bvsas.sk/novinky/nevhadzujte-do-kanalizacie.html","1","Použitý kuchynský olej NEVHADZUJTE do kanalizácie!","50","337","Indexable",""
"https://www.bvsas.sk/linky-paticke/kariera/","1","","0","0","Indexable",""
"https://www.bvsas.sk/pomoc-podpora/faq/zrazkove-vody-kanalizacia/zrazkove-vody-kanalizacia.html","1","","0","0","Indexable",""
"https://www.bvsas.sk/novinky/grantovy-program-nadacie-bvs-stredne-skoly.html","1","Hodnota 1","9","64","Indexable",""
"https://www.bvsas.sk/domacnosti/fakturacia/sposoby-uhrady-faktur/","1","","0","0","Indexable",""
"https://www.bvsas.sk/novinky/kompletne-vysledky-analyzy-vzoriek-vody-2019.html","1","Hodnota 1","9","64","Indexable",""
"https://www.bvsas.sk/vodarenske-muzeum/fotogaleria/prenajom-priestorov/","1","","0","0","Indexable",""
"https://www.bvsas.sk/novinky/prvy-bratislavsky-aquafest-21-marca.html","1","Bratislavská vodárenská spoločnosť organizuje 21. marca 2015 prvý bratislavský AQUAFEST.","88","585","Indexable",""
"https://www.bvsas.sk/novinky/oznamenie-pokracovani-montazi-zariadeni-dialkove-odpocty-vodomerov.html","1","Hodnota 1","9","64","Indexable",""
"https://www.bvsas.sk/novinky/dolezity-oznam.html","1","Hodnota 1","9","64","Indexable",""
"https://www.bvsas.sk/novinky/bvs-otvorila-bratislave-najvacsie-kontaktne-centrum.html","1","Bratislavská vodárenská spoločnosť dnes otvorila najväčšie kontaktné centrum. V bratislavskom Obchodnom centre Central je na viac ako 230-tich metroch štvorcových plochy k dispozícii 8 kontaktných bodov, kde môžu zákazníci BVS vybaviť bežnú obchodnú agendu či zmluvné vzťahy alebo konzultovať svoje projekty s odborníkmi. K dispozícií je aj bezproblémové parkovanie alebo detský kútik.","385","2451","Indexable",""
"https://www.bvsas.sk/novinky/bvs-navrhuje-rozvod-infra-services.html","1","Hodnota 1","9","64","Indexable",""
"https://www.bvsas.sk/novinky/pozname-vysledky-bezplatnej-analyzy-vzoriek-studnicnej-vody.html","1","V rámci bezplatnej analýzy vzoriek vody z domácich studní, realizovanej 22. marca 2023 pri príležitosti Svetového dňa vody, prijala Bratislavská vodárenská spoločnosť 559 vzoriek vody. Až v 241 prípadoch namerali laboratória BVS prekročené limity obsahu dusičnanov a nedodržané odporúčané hodnoty na tvrdosť vody.","313","1990","Indexable",""
"https://www.bvsas.sk/novinky/koronakriza-neovplyvnila-spotrebu-vody-regione-bvs.html","1","Hodnota 1","9","64","Indexable",""
"https://www.bvsas.sk/novinky/diskusne-forum-vode.html","1","Bratislavská vodárenská spoločnosť a Vodárenske múzeum sú generálnym partnerom Diskusného fóra o vode organizovaným Inštitútom pre rozvoj Bratislavského kraja.","159","1043","Indexable",""
"https://www.bvsas.sk/domacnosti/fakturacia/fakturacia.html","1","","0","0","Indexable",""
"https://www.bvsas.sk/modra-skola/kontakt/","1","","0","0","Indexable",""
"https://www.bvsas.sk/novinky/bvs-zalozila-dobrovolny-hasicsky-zbor.html","1","V stredu 4. mája 2016, na sviatok svätého Floriána, patróna hasičov, bol na slávnostnom stretnutí v priestoroch Vodárenského múzea BVS založený Dobrovoľný hasičský zbor Bratislavskej vodárenskej spoločnosti.","207","1325","Indexable",""
"https://www.bvsas.sk/","1","","0","0","Indexable",""
"https://www.bvsas.sk/firmy/zmeny-om/","1","","0","0","Indexable",""
"https://www.bvsas.sk/modra-skola/vyucbove-programy/kanalizacia-nie-je-smetisko.html","1","Veľa ľudí si kanalizáciu mýli s odpadkovým košom. „Veď je to také ľahké – stačí hodiť do záchoda, spláchnuť a hotovo!“ Bohužiaľ, takto to nefunguje. Aj keď niečo ide spláchnuť, ešte to neznamená, že to patrí do kanalizácie. Mnoho vecí, ktoré ľudia bežne zvyknú vyhadzovať do záchoda či vypúšťať do výlevky, upcháva kanalizačné potrubia, spôsobuje škody a sťažuje proces čistenia odpadových vôd.","394","2482","Indexable",""
"https://www.bvsas.sk/linky-paticke/nadacia-bvs/nova-web-stranka.html","1","","0","0","Indexable",""
"https://www.bvsas.sk/modra-skola/festival-vody/vysledky-sutazi-3.html","1","","0","0","Indexable",""
"https://www.bvsas.sk/novinky/bvs-zorganizovala-stretnutie-odbornikov-k-teme-vyskytu-noveho-koronavirusu-odpadovych-vodach.html","1","Hodnota 1","9","64","Indexable",""
"https://www.bvsas.sk/linky-paticke/legislativa/povinne-zverejnovanie-objednavky/","1","","0","0","Indexable",""
"https://www.bvsas.sk/novinky/bvs-preventivne-obmedzuje-fungovanie-kontaktnych-centier-sluzby-bude-poskytovat-elektronicky.html","1","Hodnota 1","9","64","Indexable",""
"https://www.bvsas.sk/novinky/v-odpadovej-vode-regione-bvs-pritomnost-sars-cov-2-nepreukazala.html","1","Hodnota 1","9","64","Indexable",""
"https://www.bvsas.sk/rezervacia-cov/chemicke-vody/","1","","0","0","Indexable",""
"https://www.bvsas.sk/firmy/sluzby/prenajom-hydrantoveho-nadstavca/","1","","0","0","Indexable",""
"https://www.bvsas.sk/novinky/bratislavska-vodarenska-spolocnost-meni-cenu-vodneho.html","1","V regióne pôsobnosti Bratislavskej vodárenskej spoločnosti sa od 1. apríla 2022 zmení cena vodného. Úrad pre reguláciu sieťových odvetví schválil nové ceny vodného pre bežných odberateľov na úrovni 1,0387 €/m3 bez DPH, respektíve 1,2464 €/m3 s DPH. Táto zmena pre priemernú trojčlennú rodinu znamená mesačné navýšenie platby približne o 0,26 eur. Cena za stočné sa nemení.","372","2405","Indexable",""
"https://www.bvsas.sk/firmy/sluzby/nastavenia-fakturacii/prechod-fakturu.html","1","","0","0","Indexable",""
"https://www.bvsas.sk/kvalita-vody/ukazovatele-kvality-vody.html","1","","0","0","Indexable",""
"https://www.bvsas.sk/novinky/bvs-obnovila-technicke-cinnosti.html","1","Hodnota 1","9","64","Indexable",""
"https://www.bvsas.sk/linky-paticke/legislativa/povinne-zverejnovanie-archiv/","1","","0","0","Indexable",""
"https://www.bvsas.sk/novinky/zmena-zakaznickych-hodin-kc-malacky-skalica.html","1","Hodnota 1","9","64","Indexable",""
"https://www.bvsas.sk/novinky/bvs-rozsiruje-moznosti-platby-za-svoje-sluzby.html","1","Bratislavská vodárenská spoločnosť nadviazala spoluprácu s najväčšou bankou na Slovensku a jej zákazníci už môžu platiť poplatky za vodné a stočné či ďalšie služby BVS aj na účet v tejto banke. Aj týmto krkom chce BVS zlepšiť svoje služby pre svojich zákazníkov.","262","1645","Indexable",""
"https://www.bvsas.sk/novinky/bratislavska-vodarenska-spolocnost-udeluje-generalny-pardon.html","1","Hodnota 1","9","64","Indexable",""
"https://www.bvsas.sk/novinky/ukoncenie-obmedzenia-uzivania-pitnej-vody.html","1","Vzhľadom k zlepšeniu podmienok a bilancie vody vo vodovodnom systéme v dotknutých mestách a obciach oznamujeme, že pominul dôvod na ďalšie trvanie opatrení na základe § 36, ods. 7, písm. b) zákona 442/2002 Z.z., ktorými sa malo zakázať používanie pitnej vody z verejného vodovodu na polievanie záhrad a trávnikov, napúšťanie bazénov, umývanie áut a ostatných činností neslúžiacich k pitným a hygienickým účelom. Opatrenie je možné ukončiť vo všetkých dotknutých oblastiach hneď.","478","3070","Indexable",""
"https://www.bvsas.sk/novinky/vysledky-bezplatnej-analyzy-vzoriek-vody.html","1","Vážení zákazníci, ďakujeme vám za prejavený záujem o naše tradičné jarné podujatie - bezplatný rozbor vzoriek vody na prítomnosť dusičnanov a celkovú tvrdosť.","158","1001","Indexable",""
"https://www.bvsas.sk/novinky/sutazte-bvs-hodnotne-ceny.html","1","V súvislosti s projektom Voda ako nápoj pre Vás Bratislavská vodárenská spoločnosť pripravila súťaž o zaujímavé ceny.","117","743","Indexable",""
"https://www.bvsas.sk/novinky/bvs-otvara-nove-kontaktne-centra-malackach-senici.html","1","Bratislavská vodárenská spoločnosť v pondelok otvorí v Malackách a Senici nové kontaktné centrá pre svojich zákazníkov. V nových priestoroch budú môcť zákazníci BVS vybaviť v čase zákazníckych hodín, okrem bežných požiadaviek aj technické konzultácie v oblasti vodovodných alebo kanalizačných prípojok. Okrem nových a atraktívnejších priestorov sú kontaktné centrá pre BVS aj finančne výhodnejšie. Cena za prenájom metra štvorcového v Malackách aj Senici je v porovnaní s predchádzajúcou zmluvou nižšia o viac ako štvornásobok. Namiesto 37 eur za meter štvorcový bude BVS platiť iba o niečo viac ako 8 eur za meter štvorcový prenajatej plochy.","643","4107","Indexable",""
"https://www.bvsas.sk/novinky/montaz-vodomerov.html","1","Vážení zákazníci, dovoľujeme si Vás upozorniť, že vzhľadom na technické možnosti a klimatické podmienky prijímame objednávky na montáž vodomerov a prípojok do 15. 11. 2011","171","1105","Indexable",""
"https://www.bvsas.sk/novinky/novy-cennik-vykonov-sluzieb-bvs.html","1","Vážení zákazníci, dovoľujeme si vás upozorniť, že od 01. 10. 2014 vstúpil do platnosti nový Cenník výkonov a služieb BVS, a. s.","127","791","Indexable",""
"https://www.bvsas.sk/novinky/voda-ako-napoj.html","1","Bratislavská vodárenská spoločnosť, a. s. (BVS) predstavuje zákazníkom svoj hlavný produkt - pitnú vodu prostredníctvom projektu s názvom Voda ako nápoj. Chce sa zaradiť medzi úspešných a konkurencieschopných dodávateľov nápojov na trhu.","237","1530","Indexable",""
"https://www.bvsas.sk/novinky/finale-sutaze-festival-vody-2016.html","1","Finále Festivalu vody 2016 sa uskutočnilo v utorok 6. decembra 2016 v priestoroch Vodárenského múzea BVS v Bratislave. Z 27 projektov odborná porota ocenila tie najlepšie.","171","1091","Indexable",""
"https://www.bvsas.sk/modra-skola/","1","","0","0","Indexable",""
"https://www.bvsas.sk/novinky/nechajte-si-otestovat-vodu-bvs.html","1","Hodnota 1","9","64","Indexable",""
"https://www.bvsas.sk/novinky/vsetci-testovani-zamestnanci-bvs-su-negativni-covid-19.html","1","Hodnota 1","9","64","Indexable",""
"https://www.bvsas.sk/pomoc-podpora/faq/","1","","0","0","Indexable",""
"https://www.bvsas.sk/novinky/obmedzenie-poskytovania-sluzieb-kontaktnych-centier-bvs-a-s.html","1","Hodnota 1","9","64","Indexable",""
"https://www.bvsas.sk/novinky/stanovisko-bvs-k-uhynu-ryb-malom-dunaji.html","1","Hodnota 1","9","64","Indexable",""
"https://www.bvsas.sk/novinky/nove-vseobecne-obchodne-podmienky-dodavky-pitnej-vody-odvadzania-odpadovych-vod.html","1","Hodnota 1","9","64","Indexable",""
"https://www.bvsas.sk/novinky/obmedzenie-poskytovania-konzultacii-zakresov-kc-senec.html","1","Hodnota 1","9","64","Indexable",""
"https://www.bvsas.sk/kontakt/napiste-nam-ine.html","1","","0","0","Indexable",""
"https://www.bvsas.sk/novinky/nove-pitne-fontanky-od-bvs-osviezia-bratislavcanov.html","1","Bratislavská vodárenská spoločnosť (BVS), pri príležitosti 130. výročia spustenia prvého verejného zásobovania Bratislavy vodou, osadila na troch mimoriadne frekventovaných miestach hlavného mesta nové exteriérové pitné fontánky.","229","1461","Indexable",""
"https://www.bvsas.sk/novinky/vysoke-hodnoty-fluorantenu-obci-cerova.html","1","Hodnota 1","9","64","Indexable",""
"https://www.bvsas.sk/novinky/nova-web-stranka.html","1","Dnes sa začalo s prácami na výstavbe vodovodu v Radošovciach. Cez túto obec na Záhorí síce prechádza veľké transportné vodovodné potrubie, ale nikdy v nej neboli vybudované lokálne rozvody vody. BVS dnes odštartovala projekt za 4,32 milióna eur, pomocou ktorého sa vybudujú rozvody vody pre viac ako 440 odberných miest. Obyvatelia obce tak budú mať 24 hodín denne prístup ku kvalitnej pitnej vode z verejného vodovodu a nebudú sa musieť spoliehať iba na vodu zo svojich studní alebo balenú vodu.","496","3181","Indexable",""
"https://www.bvsas.sk/novinky/zmena-cien-za-vodne-stocne.html","1","Vážený zákazník, dovoľujeme si Vám oznámiť, že od 1. 1. 2013 vstupujú do platnosti nové ceny za výrobu, distribúciu a dodávku pitnej vody verejným vodovodom a za odvedenie a čistenie odpadovej vody verejnou kanalizáciou, ktoré pre Bratislavskú vodárenskú spoločnosť, a. s., schválil Úrad pre reguláciu sieťových odvetví rozhodnutím č. 0099/2013/V.","347","2197","Indexable",""
"https://www.bvsas.sk/novinky/bezplatna-analyza-vzoriek-vody-z-domacich-studni.html","1","Hodnota 1","9","64","Indexable",""
"https://www.bvsas.sk/novinky/konferencia-mesta-voda.html","1","V utorok 25. októbra 2016 sa v Zrkadlovej sieni Primaciálneho paláca v Bratislave uskutoční konferencia „Mestá a voda“.","119","752","Indexable",""
"https://www.bvsas.sk/novinky/mimosudne-vymahanie-pohladavok-2.html","1","Hodnota 1","9","64","Indexable",""
"https://www.bvsas.sk/domacnosti/zrazky-zrazkove-vody/kanalizacia/","1","","0","0","Indexable",""
"https://www.bvsas.sk/novinky/dnes-konci-zakaznicka-sutaz.html","1","Vážení zákazníci, dnes máte poslednú šancu zapojiť sa do súťaže o atraktívne ceny, ktorá prebiehala od augusta v rámci projektu Voda ako nápoj.","143","904","Indexable",""
"https://www.bvsas.sk/novinky/bvs-riesi-nedostatok-vody-obci-bukova-2.html","1","Bratislavská vodárenská spoločnosť eviduje nedostatok vody v obci Buková. Táto obec nie je napojená na žiadny skupinový vodovod a je plne závislá na lokálnych prameňoch, ktoré pravidelne v letných mesiacoch strácajú na výdatnosti. V tomto roku sa kvôli extrémnemu suchu počas leta a slabým zrážkam počas jesene po prvý krát vyskytol problém s nedostatočnou výdatnosťou prameňov aj v zime. Situáciu komplikuje aj nepriaznivé počasie, ktoré kvôli nezjazdnému terénu neumožňuje navážať cisternami vodu do vodojemu. BVS preto aktuálne zásobuje obec vodou pomocou cisterien a zároveň aj tlačením vody z cisterny do vodovodného potrubia. Napriek tomu problémy s dodávkou vody v obci pretrvávajú. BVS prosí obyvateľov tejto lokality, aby v maximálne možnej miere šetrili vodou, kým sa situácia nestabilizuje.","801","5100","Indexable",""
"https://www.bvsas.sk/linky-paticke/legislativa/","1","","0","0","Indexable",""
"https://www.bvsas.sk/novinky/elektronicka-faktura-bvs.html","1","Bratislavská vodárenská spoločnosť, a. s., v spolupráci so spoločnosťou Zelená pošta s. r. o. poskytuje možnosť zriadiť si elektronickú faktúru. Registračné kódy UID a PIN nájdete na prvej strane vašej faktúry. Pomocou týchto kódov sa môžete zaregistrovať na portáli Zelenej pošty www.zelenaposta.sk.","300","1880","Indexable",""
"https://www.bvsas.sk/novinky/zhodnotenie-generalneho-pardonu-za-odvadzanie-vod-z-povrchoveho-odtoku.html","1","Odvádzanie vôd z povrchového odtoku do verejnej kanalizácie je odvádzanie zrážkových vôd. Zrážkové vody, ktoré z povrchových plôch odtekajú do verejnej kanalizácie a vstupujú do čistiaceho procesu v BVS, majú vplyv na náklady spoločnosti a jej cenotvorbu. V objemovom vyjadrení ide ročne o milióny metrov kubických vody a státisíce eur potrebných na jej spracovanie.","366","2319","Indexable",""
"https://www.bvsas.sk/novinky/bvs-pozyva-veltrh-coneco-stanku-osviezi-navstevnikov.html","1","Tradičného veľtrhu CONECO v bratislavskej Inchebe sa tento rok zúčastní aj Bratislavská vodárenská spoločnosť (BVS). V poradí 37. ročník podujatia sa uskutoční od stredy 6. do soboty 9. apríla. Súčasťou veľtrhu je aj špecializovaná sekcia s názvom „VODA pre zmenu“. Predstavuje riešenia zamerané na udržateľný rozvoj, protipovodňové opatrenia či podporu v oblasti vodného hospodárstva.","385","2447","Indexable",""
"https://www.bvsas.sk/novinky/vysledky-analyzy-vzoriek-vody-2015.html","1","Vážení zákazníci, ďakujeme vám za prejavený záujem o naše tradičné jarné podujatie - bezplatný rozbor vzoriek vody na prítomnosť dusičnanov a celkovú tvrdosť.","158","1001","Indexable",""
"https://www.bvsas.sk/domacnosti/nove-pripojenie/nove-pripojenie/dalsie-prilohy.html","1","","0","0","Indexable",""
"https://www.bvsas.sk/novinky/noc-muzei-galerii-tuto-sobotu-16-5-2015.html","1","Vodárenské múzeum vás srdečne pozýva do svojich expozícii už túto sobotu - 16. 5. 2015 od 12:00 hod. do 18:00 hod. v rámci podujatia Noc múzeí a galérií.","153","973","Indexable",""
"https://www.bvsas.sk/linky-paticke/legislativa/povinne-zverejnovanie-zmluvy-infraservices/","1","","0","0","Indexable",""
"https://www.bvsas.sk/novinky/29-jun-medzinarodny-den-dunaja.html","1","29. jún je Medzinárodný deň Dunaja. Pri tejto príležitosti BVS organizuje prednášku o vode a ďalšie zaújimavé aktivity na Magio pláži. Tešíme sa na vás 29. 06. 2014 o 15:00!","173","1075","Indexable",""
"https://www.bvsas.sk/firmy/sluzby/smar-odpocty/","1","","0","0","Indexable",""
"https://www.bvsas.sk/linky-paticke/legislativa/povinnne-zverejnovanie/","1","","0","0","Indexable",""
"https://www.bvsas.sk/vodarenske-muzeum/muzeum-expozicie/vonkajsia-expozicia/","1","","0","0","Indexable",""
"https://www.bvsas.sk/modra-skola/prihlaska/prihlaska-vyucbovy-program-ms.html","1","","0","0","Indexable",""
"https://www.bvsas.sk/novinky/bvs-je-jedinym-akcionarom-infra-services.html","1","Hodnota 1","9","64","Indexable",""
"https://www.bvsas.sk/novinky/srdecne-vas-pozyvame-den-otvorenych-dveri.html","1","Hodnota 1","9","64","Indexable",""
"https://www.bvsas.sk/novinky/vo-vodarenskom-muzeu-bvs-deti-stravia-jarne-prazdniny-hravo-pritom-poucne.html","1","Hodnota 1","9","64","Indexable",""
"https://www.bvsas.sk/novinky/noc-muzei-galerii-vo-vodarenskom-muzeu.html","1","Vodárenské múzeum vás túto sobotu, 14. mája, srdečne pozýva na obľúbené podujatie Noc múzeí a galérií.","102","663","Indexable",""
"https://www.bvsas.sk/novinky/festival-vody-2016.html","1","Festival vody je súťažná prehliadka projektov žiakov ZŠ a osemročných gymnázií, ktorých témou je voda. Festival je súčasťou dlhodobého vzdelávacieho programu Bratislavskej vodárenskej spoločnosti Modrá škola – voda pre budúcnosť. Zámerom projektu je rozvoj vedomostí a znalostí detí o vode – jej výrobe, distribúcii, odvádzaní a čistení odpadových vôd, ale aj o dôležitosti a nenahraditeľnosti vody pre človeka a prírodu.","421","2641","Indexable",""
"https://www.bvsas.sk/novinky/obmedzenie-poskytovania-konzultacii-zakresov-kc-senica-skalica.html","1","Hodnota 1","9","64","Indexable",""
"https://www.bvsas.sk/novinky/novy-generalny-riaditel.html","1","Ing. Stanislav Beňo sa stal generálnym riaditeľom a nahradil tak vo funkcii odchádzajúceho riaditeľa Ing. Radoslava Jakaba.","123","766","Indexable",""
"https://www.bvsas.sk/vodarenske-muzeum/vodarenska-zahrada/vodarenska-zahrada/","1","","0","0","Indexable",""
"https://www.bvsas.sk/kontakt/mapa-posobnosti-bvs.html","1","","0","0","Indexable",""
"https://www.bvsas.sk/novinky/mimoriadne-zakaznicke-hodiny-2-6-2011.html","1","Vážení zákazníci, dovoľujeme si oznámiť vám, že 2. júna 2011 bude zákaznícke centrum v Bratislave a zákaznícke centrum v Senici z technických príčin od 12:00 hod. zatvorené","172","1092","Indexable",""
"https://www.bvsas.sk/vodarenske-muzeum/fotogaleria/vodarenska-zahrada/","1","","0","0","Indexable",""
"https://www.bvsas.sk/novinky/kompletne-vysledky-bezplatnej-analyzy-vzoriek-vody.html","1","Hodnota 1","9","64","Indexable",""
"https://www.bvsas.sk/novinky/bvs-dosiahla-najlepsie-ekonomicke-vysledky-vj-historii.html","1","V roku 2021 dosiahla Bratislavská vodárenská spoločnosť najlepšie ekonomické výsledky vo svojej histórií. Plán ziskovosti BVS prekročila o 160 percent a celkový zisk pred zdanením presiahol hranicu 8,3 miliónov eur. Rekordný hospodársky výsledok BVS zaznamenala napriek tomu, že v roku 2021 sa nemenili ceny vodného a stočného a celý rok bol poznačený pandémiou. Časť zisku si rozdelia akcionári BVS vo forme dividend a zvyšok ostáva v spoločnosti.","448","2863","Indexable",""
"https://www.bvsas.sk/novinky/nefunkcny-mail-sluzbybvsas-sk.html","1","Vážení zákazníci, dovoľujeme si vás upozorniť, že od popoludňajších hodín dňa 23. 09. 2013 nie je možné prijímať ani odosielať e-maily na sluzby@bvsas.sk.","154","970","Indexable",""
"https://www.bvsas.sk/novinky/bakteria-e-coli-nasej-pitnej-vode-nenachadza.html","1","Bratislavská vodárenská spoločnosť, a. s. ubezpečuje svojich spotrebiteľov, že na území jej pôsobnosti sa baktéria E.coli v pitnej vode, ktorú distribuuje, nenachádza.","167","1025","Indexable",""
"https://www.bvsas.sk/novinky/darovali-sme-krv.html","1","Nadácia BVS zorganizovala v spolupráci s NTS SR vo Vodárenskom múzeu mobilný výjazd.","84","564","Indexable",""
"https://www.bvsas.sk/novinky/podte-bezat-nami.html","1","Ani tento rok nebude chýbať tradičné atletické podujatie, ktorého súčasťou bude aj Bratislavská vodárenská spoločnosť.","118","743","Indexable",""
"https://www.bvsas.sk/novinky/kontaktne-centrum-malacky-senica-zmenia-adresu.html","1","Hodnota 1","9","64","Indexable",""
"https://www.bvsas.sk/novinky/postarajte-vodomer.html","1","Vážení zákazníci, napriek tomu, že fakturačný vodomer nie je vo vašom vlastníctve, ako odberateľ ste v zmysle zákona 442/2002, § 26, povinní ho chrániť pred poškodením a udržiavať vodomernú zostavu vo funkčnom stave. Vodomer nevyžaduje z vašej strany žiadnu zvláštnu údržbu.","274","1755","Indexable",""
"https://www.bvsas.sk/firmy/","1","","0","0","Indexable",""
"https://www.bvsas.sk/novinky/vypadok-telefonnej-siete.html","1","Vážení zákazníci, z dôvodu prác na zariadeniach záložného napájania elektrickou energiou areálu generálneho riaditeľstva na Prešovskej ulici, si vás dovoľujeme upozorniť na možný výpadok telefónnej siete v BVS, a.s., dnes 22. 11. 2013, v čase od 12:00 do približne 18:00.","271","1697","Indexable",""
"https://www.bvsas.sk/vodarenske-muzeum/vysledky-vyhladavania.html","1","","0","0","Non-Indexable","noindex"
"https://www.bvsas.sk/novinky/bvs-upravuje-formulaciu-informacnych-listoch.html","1","BVS začala od začiatku roku spolu s faktúrou posielať svojim zákazníkom aj kompletnú informáciu o stave ich účtu. V rámci tejto informácie BVS použila nejednoznačnú formuláciu. Približne jedno percento zákazníkov BVS po obdržaní tejto informácie spätne kontaktovalo a žiadalo o vysvetlenie priloženého listu. BVS preto pristupuje k zmene formulácie textu a slovo „dlh“ nahrádza slovným spojením “stav účtu“. Za nedorozumenie sa BVS svojim zákazníkom ospravedlňuje.","464","2912","Indexable",""
"https://www.bvsas.sk/modra-skola/vzdelavaci-program/vyucbove-programy-modrej-skoly.html","1","Chcete sa dozvedieť viac o najvzácnejšej tekutine – vode? Vo Vodárenskom múzeu sa s tematikou vody oboznámite nielen počas návštevy stálej expozície, ale najmä v rámci výučbových programov, ktoré realizujeme ako súčasť vzdelávacieho programu Modrá škola – voda pre budúcnosť.","275","1792","Indexable",""
"https://www.bvsas.sk/novinky/bvs-pristavi-hlavnom-meste-cisterny-pitnou-vodou.html","1","Hodnota 1","9","64","Indexable",""
"https://www.bvsas.sk/modra-skola/vyucbove-programy/online-zona.html","1","Chcete sa o vode a vodárenstve vzdelávať aj doma alebo v prostredí školy? V rámci nášho vzdelávacieho programu máme k dispozícii niekoľko online materiálov, pomocou ktorých sa deti hravým a poučným spôsobom dozvedia mnohé zaujímavosti o vode a pedagógovia získajú odborné podklady, ktoré môžu použiť v rámci vzdelávacieho procesu.","330","2152","Indexable",""
"https://www.bvsas.sk/domacnosti/nove-pripojenie/","1","","0","0","Indexable",""
"https://www.bvsas.sk/kvalita-vody/","1","","0","0","Indexable",""
"https://www.bvsas.sk/novinky/zmena-ceny-za-vodne-stocne-od-1-januara-2014.html","1","Vážený zákazník, dovoľujeme si vám oznámiť, že od 1. 1. 2014 vstupujú do platnosti nové ceny za výrobu, distribúciu a dodávku pitnej vody verejným vodovodom a za odvedenie a čistenie odpadovej vody verejnou kanalizáciou, ktoré pre Bratislavskú vodárenskú spoločnosť, a. s., schválil Úrad pre reguláciu sieťových odvetví svojím rozhodnutím č. 0091/2014/V.","354","2239","Indexable",""
"https://www.bvsas.sk/novinky/bratislavska-vodarenska-spolocnost-vas-pozyva-den-otvorenych-dveri.html","1","Hodnota 1","9","64","Indexable",""
"https://www.bvsas.sk/novinky/zmenilo-predstavenstvo-dcerskej-spolocnosti-bratislavskej-vodarenskej-spolocnosti.html","1","Hodnota 1","9","64","Indexable",""
"https://www.bvsas.sk/novinky/oznamovanie-poruch-pocas-pandemie.html","1","Hodnota 1","9","64","Indexable",""
"https://www.bvsas.sk/novinky/vyjadrenia-k-zahradnym-vodomerom.html","1","Vážení zákazníci, od 1. 5. 2012 je potrebné k montáži záhradného vodomeru podať žiadosť o vodohospodárske vyjadrenie.","117","759","Indexable",""
"https://www.bvsas.sk/novinky/","1","","0","0","Indexable",""
